id,title,author,genres,language,year,pages,rating,price,in_stock,stock_count,publisher,isbn,pub_date,tags,description
book_0001,The Pragmatic Programmer,Andrew Hunt and David Thomas,Programming;Software Engineering,English,1999,352,4.6,39.99,true,223,Addison-Wesley,9780163285667,1999-01-01T00:00:00Z,coding;career;best-practices,"A modern classic that helps software developers move from journeyman to master through practical advice on craftsmanship, tooling, and the social aspects of building reliable software systems."
book_0002,Clean Code,Robert C. Martin,Programming;Software Engineering,English,2008,464,4.4,35.5,true,228,Prentice Hall,9781357378783,2008-01-01T00:00:00Z,coding;refactoring;design,"A handbook of agile software craftsmanship that teaches developers how to write code that is easy to read, change, and maintain by applying simple, repeatable principles."
book_0003,Designing Data-Intensive Applications,Martin Kleppmann,Distributed Systems;Databases,English,2017,616,4.8,49.99,true,100,O'Reilly Media,9787360247825,2017-01-01T00:00:00Z,databases;scalability;architecture,"An indispensable guide to the architecture of modern data systems, covering replication, partitioning, transactions, consistency, and the trade-offs of stream and batch processing pipelines."
book_0004,Introduction to Algorithms,Thomas H. Cormen,Algorithms;Computer Science,English,2009,1312,4.5,89.0,false,115,MIT Press,9789143819564,2009-01-01T00:00:00Z,algorithms;data-structures;academic,"Comprehensive treatment of the modern study of computer algorithms, presenting a wide range of algorithms in depth with rigorous mathematical analysis suitable for advanced study."
book_0005,Structure and Interpretation of Computer Programs,Harold Abelson and Gerald Jay Sussman,Programming;Computer Science,English,1996,657,4.7,60.0,true,119,MIT Press,9781940515199,1996-01-01T00:00:00Z,functional;scheme;classic,"A foundational text that uses Scheme to introduce abstraction, modularity, and the principles of computation in a way that has shaped generations of programmers."
book_0006,The Mythical Man-Month,Frederick P. Brooks Jr.,Software Engineering;Project Management,English,1995,322,4.3,32.0,true,15,Addison-Wesley,9785241027689,1995-01-01T00:00:00Z,project-management;history;essays,"Brooks's seminal collection of essays on software engineering argues that adding manpower to a late project makes it later, and explores the human side of large-scale software development."
book_0007,Code Complete,Steve McConnell,Programming;Software Engineering,English,2004,960,4.4,45.0,true,55,Microsoft Press,9782697070726,2004-01-01T00:00:00Z,construction;best-practices,A practical handbook of software construction techniques that synthesizes research and experience into actionable advice for writing higher-quality code.
book_0008,Refactoring,Martin Fowler,Programming;Software Engineering,English,2018,448,4.5,47.99,true,0,Addison-Wesley,9781948273954,2018-01-01T00:00:00Z,refactoring;design;patterns,"A catalog of small, behavior-preserving transformations that improve the design of existing code, with worked examples and guidance on when each refactoring is appropriate."
book_0009,Designing Distributed Systems,Brendan Burns,Distributed Systems;Cloud Computing,English,2018,166,4.2,29.99,false,0,O'Reilly Media,9787503328503,2018-01-01T00:00:00Z,kubernetes;patterns;microservices,"Patterns and paradigms for designing reliable, scalable distributed systems built on container orchestration platforms such as Kubernetes."
book_0010,Site Reliability Engineering,Niall Richard Murphy and Betsy Beyer,DevOps;Operations,English,2016,552,4.3,44.99,true,233,O'Reilly Media,9784070962505,2016-01-01T00:00:00Z,sre;operations;google,"Google's principles and practices for running production systems, covering service-level objectives, error budgets, on-call culture, and post-mortem driven engineering."
book_0011,"The Art of Computer Programming, Vol. 1",Donald E. Knuth,Algorithms;Computer Science,English,1997,672,4.7,99.0,true,1,Addison-Wesley,9782921947978,1997-01-01T00:00:00Z,fundamentals;math;classic,"Knuth's monumental treatise on the analysis of algorithms, beginning with the mathematical preliminaries needed for the deep study of computer programming."
book_0012,Database System Concepts,Abraham Silberschatz,Databases;Computer Science,English,2019,1376,4.2,95.0,true,225,McGraw-Hill,9788554406363,2019-01-01T00:00:00Z,databases;sql;academic,"A comprehensive introduction to database management systems covering relational theory, transaction processing, query optimization, and modern distributed data stores."
book_0013,Operating System Concepts,Abraham Silberschatz,Operating Systems;Computer Science,English,2018,976,4.1,88.0,true,18,Wiley,9786531070439,2018-01-01T00:00:00Z,os;academic;kernel,"The classic 'dinosaur book' on operating systems, presenting process management, memory, file systems, and synchronization with worked examples from real systems."
book_0014,Computer Networking: A Top-Down Approach,James F. Kurose and Keith W. Ross,Networking;Computer Science,English,2017,864,4.3,79.0,false,90,Pearson,9783613325692,2017-01-01T00:00:00Z,networking;tcp;academic,"A widely adopted networking textbook that introduces protocols and performance from the application layer down to the physical layer, with rich pedagogy and lab exercises."
book_0015,The Algorithm Design Manual,Steven S. Skiena,Algorithms;Computer Science,English,2020,793,4.5,64.99,true,176,Springer,9780264117027,2020-01-01T00:00:00Z,algorithms;interview;practical,A practical guide to algorithm design with a hitchhiker-style catalog of common algorithmic problems and proven techniques for tackling them.
book_0016,Hands-On Machine Learning,Aurelien Geron,Machine Learning;Data Science,English,2019,856,4.7,59.99,true,218,O'Reilly Media,9782812124822,2019-01-01T00:00:00Z,ml;tensorflow;scikit-learn,"An applied tour of modern machine learning using Scikit-Learn, Keras, and TensorFlow, with end-to-end projects that illustrate best practices from data prep through deployment."
book_0017,Deep Learning,Ian Goodfellow,Machine Learning;Artificial Intelligence,English,2016,800,4.4,70.0,true,234,MIT Press,9782503541037,2016-01-01T00:00:00Z,deep-learning;neural-networks;theory,"An authoritative reference on deep learning that covers the mathematical and conceptual background, modern architectures, and research-frontier topics in representation learning."
book_0018,Python Crash Course,Eric Matthes,Programming;Python,English,2019,544,4.6,39.95,true,3,No Starch Press,9784400435013,2019-01-01T00:00:00Z,python;beginner;projects,"A fast-paced introduction to Python programming that takes complete beginners from the basics through three substantial projects in games, data, and web."
book_0019,Fluent Python,Luciano Ramalho,Programming;Python,English,2022,1014,4.7,65.99,true,183,O'Reilly Media,9785001947882,2022-01-01T00:00:00Z,python;advanced;idioms,"An expert tour of Python's most powerful features, showing how to write idiomatic, efficient code by leveraging the language's data model, descriptors, and concurrency primitives."
book_0020,Effective Java,Joshua Bloch,Programming;Java,English,2018,412,4.7,49.99,true,105,Addison-Wesley,9780795799471,2018-01-01T00:00:00Z,java;best-practices;design,"A collection of pragmatic, high-impact items on writing better Java, distilled from years of language-design experience and real-world API construction."
book_0021,Programming Pearls,Jon Bentley,Programming;Algorithms,English,1999,256,4.5,38.0,true,59,Addison-Wesley,9789098127547,1999-01-01T00:00:00Z,essays;problem-solving;classic,"A delightful set of essays on practical algorithm design and the craft of programming, distilled from columns originally written for Communications of the ACM."
book_0022,Cracking the Coding Interview,Gayle Laakmann McDowell,Algorithms;Career,English,2015,696,4.5,35.0,true,55,CareerCup,9784932413015,2015-01-01T00:00:00Z,interview;algorithms;career,"A comprehensive guide to technical interviews with 189 fully worked questions, covering algorithms, data structures, and the soft skills that hiring managers screen for."
book_0023,JavaScript: The Good Parts,Douglas Crockford,Programming;JavaScript,English,2008,176,4.1,28.99,true,199,O'Reilly Media,9780891713784,2008-01-01T00:00:00Z,javascript;language-design,A concise distillation of the elegant subset of JavaScript that lets developers avoid the language's well-known sharp edges and build robust software.
book_0024,You Don't Know JS Yet,Kyle Simpson,Programming;JavaScript,English,2020,282,4.4,32.5,true,193,Self-Published,9785058545635,2020-01-01T00:00:00Z,javascript;fundamentals;series,"A deep, no-shortcuts series that explores the core mechanics of JavaScript from scoping and closures to types, coercion, and the asynchronous model."
book_0025,Eloquent JavaScript,Marijn Haverbeke,Programming;JavaScript,English,2018,472,4.5,39.95,true,12,No Starch Press,9788572466400,2018-01-01T00:00:00Z,javascript;beginner;projects,"A modern introduction to programming with JavaScript that combines language fundamentals with browser, Node.js, and interactive project chapters."
book_0026,The C Programming Language,Brian W. Kernighan and Dennis M. Ritchie,Programming;C,English,1988,272,4.7,42.0,true,206,Prentice Hall,9782668751470,1988-01-01T00:00:00Z,c;classic;fundamentals,"The definitive reference to ANSI C, written by the creators of the language with the disciplined clarity that made it a permanent fixture of every programmer's bookshelf."
book_0027,"Compilers: Principles, Techniques, and Tools",Alfred V. Aho,Compilers;Computer Science,English,2006,1009,4.3,95.0,true,8,Pearson,9788717157361,2006-01-01T00:00:00Z,compilers;academic;dragon,"The 'Dragon Book' covering lexical analysis, parsing, semantic analysis, intermediate code generation, optimization, and code generation for modern compilers."
book_0028,Computer Systems: A Programmer's Perspective,Randal E. Bryant and David R. O'Hallaron,Computer Architecture;Operating Systems,English,2015,1072,4.6,90.0,true,225,Pearson,9786899813327,2015-01-01T00:00:00Z,systems;x86;linking,"Examines computer systems from the programmer's viewpoint, covering data representation, processor architecture, the memory hierarchy, linking, exceptions, and concurrency."
book_0029,Domain-Driven Design,Eric Evans,Software Engineering;Architecture,English,2003,560,4.3,49.99,false,89,Addison-Wesley,9786313805068,2003-01-01T00:00:00Z,ddd;modeling;architecture,"Tackling software complexity in the heart of business logic, Evans introduces a vocabulary and a set of practices for modeling rich domains in collaboration with experts."
book_0030,Patterns of Enterprise Application Architecture,Martin Fowler,Software Engineering;Architecture,English,2002,560,4.3,54.99,true,182,Addison-Wesley,9789219702301,2002-01-01T00:00:00Z,patterns;enterprise;architecture,"A catalog of architectural patterns for building enterprise applications, covering data mapping, concurrency, session state, and distribution strategies."
book_0031,Working Effectively with Legacy Code,Michael C. Feathers,Software Engineering;Refactoring,English,2004,456,4.4,41.99,true,192,Prentice Hall,9780889829923,2004-01-01T00:00:00Z,legacy;testing;refactoring,"Practical techniques for stabilizing, testing, and extending untested codebases by introducing seams and isolating dependencies in safe, incremental steps."
book_0032,Cloud Native Patterns,Cornelia Davis,Cloud Computing;Architecture,English,2019,400,4.0,49.99,false,178,Manning,9785942865153,2019-01-01T00:00:00Z,cloud;patterns;12-factor,"Concepts and patterns for designing applications that take full advantage of dynamic, distributed cloud environments — service discovery, resilience, and observability."
book_0033,The DevOps Handbook,Gene Kim,DevOps;Software Engineering,English,2016,480,4.5,39.99,false,45,IT Revolution Press,9783339267115,2016-01-01T00:00:00Z,devops;culture;automation,"A guide to applying the principles described in The Phoenix Project to real organizations, with case studies that demonstrate how to align development and operations."
book_0034,Accelerate,Nicole Forsgren,DevOps;Research,English,2018,252,4.5,27.95,true,95,IT Revolution Press,9781664951273,2018-01-01T00:00:00Z,devops;metrics;research,"An evidence-based exploration of the practices that drive high software-delivery performance, summarizing four years of State of DevOps research."
book_0035,The Phoenix Project,Gene Kim,DevOps;Fiction,English,2013,432,4.6,26.99,true,200,IT Revolution Press,9784279033235,2013-01-01T00:00:00Z,devops;novel;lean,A business novel that follows an IT manager whose company is on the verge of collapse and the lessons he learns about applying lean principles to software delivery.
book_0036,Kubernetes Up & Running,Brendan Burns,Cloud Computing;DevOps,English,2019,278,4.3,39.99,false,119,O'Reilly Media,9783562290768,2019-01-01T00:00:00Z,kubernetes;containers;ops,"A practical guide to deploying and operating containerized applications on Kubernetes, with hands-on examples covering scaling, security, and storage."
book_0037,Docker Deep Dive,Nigel Poulton,Cloud Computing;DevOps,English,2020,426,4.6,35.0,true,69,Self-Published,9781369855913,2020-01-01T00:00:00Z,docker;containers;ops,"A thorough yet readable tour of Docker covering images, containers, networking, storage, swarm mode, and the broader container ecosystem."
book_0038,Lucene in Action,Michael McCandless,Information Retrieval;Search,English,2010,528,4.2,49.99,true,226,Manning,9782501243582,2010-01-01T00:00:00Z,lucene;search;indexing,"An in-depth exploration of Apache Lucene, covering indexing, searching, analyzers, and the techniques used to build powerful full-text search applications."
book_0039,Solr in Action,Trey Grainger,Information Retrieval;Search,English,2014,664,4.3,49.99,true,174,Manning,9785349735660,2014-01-01T00:00:00Z,solr;lucene;search,"A comprehensive guide to Apache Solr that covers schema design, scoring, faceting, distributed search, and the operational aspects of running Solr in production."
book_0040,Elasticsearch: The Definitive Guide,Clinton Gormley,Information Retrieval;Search,English,2015,720,4.4,49.99,true,147,O'Reilly Media,9782646683700,2015-01-01T00:00:00Z,elasticsearch;lucene;search,"An authoritative introduction to Elasticsearch covering indexing, querying, analysis, aggregations, and the operational concerns of running a clustered search service."
book_0041,Hadoop: The Definitive Guide,Tom White,Big Data;Distributed Systems,English,2015,756,4.3,49.99,true,149,O'Reilly Media,9781196262694,2015-01-01T00:00:00Z,hadoop;mapreduce;hdfs,"The standard reference for Apache Hadoop, covering HDFS, MapReduce, YARN, and the surrounding ecosystem with practical guidance on operating production clusters."
book_0042,Spark: The Definitive Guide,Bill Chambers and Matei Zaharia,Big Data;Distributed Systems,English,2018,624,4.4,49.99,true,1,O'Reilly Media,9788627884685,2018-01-01T00:00:00Z,spark;scala;data-processing,"A comprehensive guide to Apache Spark covering the structured APIs, streaming, machine learning, and tuning techniques for large-scale data processing."
book_0043,Streaming Systems,Tyler Akidau,Big Data;Distributed Systems,English,2018,380,4.6,49.99,false,146,O'Reilly Media,9783948655556,2018-01-01T00:00:00Z,streaming;kafka;beam,"A modern treatment of unbounded data processing that introduces the principles behind streaming systems, the Beam model, and exactly-once delivery semantics."
book_0044,Building Microservices,Sam Newman,Software Engineering;Architecture,English,2021,612,4.4,49.99,true,201,O'Reilly Media,9789934604980,2021-01-01T00:00:00Z,microservices;architecture;patterns,"A practical guide to designing fine-grained services with clear boundaries, independent deployability, and resilience strategies for the operational realities of distributed systems."
book_0045,Software Engineering at Google,Titus Winters,Software Engineering;Engineering Culture,English,2020,602,4.4,49.99,true,68,O'Reilly Media,9783465250753,2020-01-01T00:00:00Z,culture;process;scale,"Lessons learned from programming over time at Google scale, with a focus on culture, processes, and tools that allow teams to build software that lasts."
book_0046,Don't Make Me Think,Steve Krug,UX Design;Web,English,2014,200,4.6,28.0,true,25,New Riders,9787921167517,2014-01-01T00:00:00Z,usability;ux;web,A common-sense approach to web usability that has guided designers and developers for two decades to build interfaces people actually understand.
book_0047,The Design of Everyday Things,Don Norman,UX Design;Psychology,English,2013,368,4.5,18.99,true,243,Basic Books,9782183676678,2013-01-01T00:00:00Z,design;cognition;affordance,A foundational text in user-centered design that examines how everyday objects succeed or fail at communicating their purpose to the humans who use them.
book_0048,1984,George Orwell,Fiction;Dystopian,English,1949,328,4.4,14.99,true,236,Secker & Warburg,9785422793211,1949-01-01T00:00:00Z,classic;totalitarianism;surveillance,"Orwell's chilling portrait of a totalitarian future in which the state controls thought through language, surveillance, and perpetual war."
book_0049,To Kill a Mockingbird,Harper Lee,Fiction;Classic,English,1960,281,4.6,12.99,true,219,J. B. Lippincott,9781411749160,1960-01-01T00:00:00Z,classic;justice;south,A coming-of-age story set in Depression-era Alabama in which a young girl's father defends a Black man falsely accused of a terrible crime.
book_0050,The Great Gatsby,F. Scott Fitzgerald,Fiction;Classic,English,1925,180,4.0,11.99,true,123,Scribner,9788952108302,1925-01-01T00:00:00Z,classic;jazz-age;tragedy,A lyrical chronicle of obsession and the American Dream set in the roaring twenties of Long Island and Manhattan.
book_0051,Pride and Prejudice,Jane Austen,Fiction;Romance,English,1813,432,4.4,10.99,true,48,T. Egerton,9789376438280,1813-01-01T00:00:00Z,classic;regency;romance,"Austen's witty study of manners, marriage, and the gradual softening of first impressions in early-19th-century English society."
book_0052,One Hundred Years of Solitude,Gabriel Garcia Marquez,Fiction;Magical Realism,Spanish,1967,417,4.4,16.99,true,67,Editorial Sudamericana,9781755385574,1967-01-01T00:00:00Z,magical-realism;latin-america;epic,"The multi-generational saga of the Buendia family in the fictional town of Macondo, a foundational work of magical realism."
book_0053,The Brothers Karamazov,Fyodor Dostoevsky,Fiction;Philosophy,Russian,1880,796,4.5,18.99,false,37,The Russian Messenger,9788283614992,1880-01-01T00:00:00Z,classic;philosophy;russian,"A philosophical novel that explores faith, doubt, and free will through the conflicts of three brothers and the murder of their dissolute father."
book_0054,Crime and Punishment,Fyodor Dostoevsky,Fiction;Psychological,Russian,1866,671,4.4,14.99,true,119,The Russian Messenger,9786809523216,1866-01-01T00:00:00Z,classic;psychology;russian,A poor former student in St. Petersburg commits a murder and is haunted by the moral and psychological consequences of his act.
book_0055,War and Peace,Leo Tolstoy,Fiction;Historical,Russian,1869,1225,4.3,22.99,true,139,The Russian Messenger,9780774665704,1869-01-01T00:00:00Z,epic;history;napoleonic,Tolstoy's panoramic Napoleonic-era novel that interweaves the fates of five aristocratic families with sweeping reflections on history.
book_0056,Anna Karenina,Leo Tolstoy,Fiction;Romance,Russian,1878,864,4.3,16.99,true,220,The Russian Messenger,9786697719258,1878-01-01T00:00:00Z,classic;russian;tragedy,"A devastating exploration of love, faith, and society told through the parallel stories of Anna Karenina's tragic affair and Levin's search for meaning."
book_0057,The Hobbit,J. R. R. Tolkien,Fiction;Fantasy,English,1937,310,4.7,14.99,true,78,George Allen & Unwin,9782724047127,1937-01-01T00:00:00Z,fantasy;adventure;middle-earth,Bilbo Baggins is whisked from his comfortable hobbit-hole on a quest to help a company of dwarves reclaim their mountain home from the dragon Smaug.
book_0058,The Lord of the Rings,J. R. R. Tolkien,Fiction;Fantasy,English,1954,1178,4.8,29.99,true,48,George Allen & Unwin,9780590772044,1954-01-01T00:00:00Z,fantasy;epic;middle-earth,"The epic tale of the Fellowship's quest to destroy the One Ring and overthrow the dark lord Sauron, a foundational text of modern fantasy."
book_0059,Dune,Frank Herbert,Fiction;Science Fiction,English,1965,688,4.6,19.99,false,245,Chilton Books,9787841512275,1965-01-01T00:00:00Z,sci-fi;epic;politics,"On the desert planet Arrakis, the only source of the universe's most valuable substance, a young noble must navigate ecology, religion, and intergalactic politics."
book_0060,Foundation,Isaac Asimov,Fiction;Science Fiction,English,1951,244,4.3,13.99,true,55,Gnome Press,9786997643352,1951-01-01T00:00:00Z,sci-fi;classic;psychohistory,Mathematician Hari Seldon predicts the fall of a galactic empire and creates a foundation that aims to shorten the approaching age of barbarism.
book_0061,Neuromancer,William Gibson,Fiction;Science Fiction,English,1984,271,4.0,14.99,true,232,Ace Books,9785866359950,1984-01-01T00:00:00Z,cyberpunk;ai;classic,"A washed-up hacker is given a chance at redemption in a noir-tinged future where AI, mega-corporations, and human consciousness collide."
book_0062,Snow Crash,Neal Stephenson,Fiction;Science Fiction,English,1992,480,4.0,16.99,true,143,Bantam,9783450905989,1992-01-01T00:00:00Z,cyberpunk;metaverse;satire,A pizza-delivering hacker uncovers a virtual virus that threatens both the digital Metaverse and the physical world in this prescient cyberpunk satire.
book_0063,Brave New World,Aldous Huxley,Fiction;Dystopian,English,1932,311,4.0,13.99,true,242,Chatto & Windus,9786298186626,1932-01-01T00:00:00Z,classic;dystopia;satire,A future society engineered for maximum stability and pleasure is disturbed by the arrival of an outsider who has known a different way of life.
book_0064,Fahrenheit 451,Ray Bradbury,Fiction;Dystopian,English,1953,249,4.0,12.99,true,69,Ballantine Books,9782676863165,1953-01-01T00:00:00Z,classic;dystopia;books,"In a future where books are outlawed and burned by 'firemen', one fireman begins to question the world he enforces and the stories he is destroying."
book_0065,The Catcher in the Rye,J. D. Salinger,Fiction;Classic,English,1951,277,3.8,12.99,true,210,"Little, Brown",9786557351802,1951-01-01T00:00:00Z,classic;coming-of-age,"Holden Caulfield's three-day odyssey through New York City captures the alienation, anger, and tenderness of adolescence with extraordinary voice."
book_0066,Beloved,Toni Morrison,Fiction;Historical,English,1987,324,4.0,15.99,true,165,Knopf,9787875377550,1987-01-01T00:00:00Z,pulitzer;history;memory,A formerly enslaved woman's house is haunted by the ghost of her dead daughter in this Pulitzer-winning meditation on memory and freedom.
book_0067,The Road,Cormac McCarthy,Fiction;Post-Apocalyptic,English,2006,287,4.0,16.0,true,92,Knopf,9780000996992,2006-01-01T00:00:00Z,post-apocalyptic;father-son,"A father and son traverse a scorched, post-apocalyptic America in McCarthy's spare and devastating exploration of love and survival."
book_0068,Sapiens,Yuval Noah Harari,Non-Fiction;History,English,2014,443,4.4,24.99,true,84,Harper,9781575701066,2014-01-01T00:00:00Z,history;anthropology,"A sweeping account of how Homo sapiens came to dominate the planet, weaving together biology, history, and economics into a single narrative."
book_0069,"Thinking, Fast and Slow",Daniel Kahneman,Non-Fiction;Psychology,English,2011,499,4.2,18.99,false,220,"Farrar, Straus and Giroux",9789553775160,2011-01-01T00:00:00Z,cognition;decision-making,"Nobel laureate Daniel Kahneman explores the two systems that drive the way we think, exposing the biases and shortcuts that shape every decision we make."
book_0070,Atomic Habits,James Clear,Non-Fiction;Self-Help,English,2018,320,4.7,27.0,true,118,Avery,9785710881712,2018-01-01T00:00:00Z,habits;productivity,"A practical framework for building good habits and breaking bad ones by focusing on tiny, compounding changes to identity and environment."
book_0071,The Lean Startup,Eric Ries,Non-Fiction;Business,English,2011,336,4.1,26.0,true,25,Crown Business,9788429188974,2011-01-01T00:00:00Z,startup;lean;product,"A methodology for launching products and businesses based on validated learning, rapid experimentation, and iterative release cycles."
book_0072,Zero to One,Peter Thiel,Non-Fiction;Business,English,2014,224,4.2,27.0,true,164,Crown Business,9784407063622,2014-01-01T00:00:00Z,startup;monopoly;innovation,"Notes on startups, or how to build the future, distilled from Thiel's Stanford lectures on the contrarian thinking required to create breakthrough companies."
book_0073,Good to Great,Jim Collins,Non-Fiction;Business,English,2001,320,4.1,30.0,true,10,HarperBusiness,9784257987086,2001-01-01T00:00:00Z,leadership;management,"A research-driven look at what distinguishes companies that achieve sustained excellence from their merely good peers, with concrete principles for leaders."
book_0074,The Wealth of Nations,Adam Smith,Non-Fiction;Economics,English,1776,1264,3.9,24.0,true,160,W. Strahan,9786303356037,1776-01-01T00:00:00Z,classic;economics;philosophy,"Adam Smith's foundational treatise on economics, exploring the division of labour, free markets, and the accumulation of wealth in modern society."
book_0075,Capital in the Twenty-First Century,Thomas Piketty,Non-Fiction;Economics,French,2013,696,4.1,39.95,true,236,Belknap Press,9783081299853,2013-01-01T00:00:00Z,economics;inequality,A data-rich analysis of wealth and income inequality in Europe and the United States since the 18th century and the forces that shape its trajectory.
book_0076,A Brief History of Time,Stephen Hawking,Non-Fiction;Physics,English,1988,256,4.2,18.0,true,245,Bantam,9789341370973,1988-01-01T00:00:00Z,cosmology;popular-science,"Hawking's landmark popular-science account of cosmology, from the Big Bang to black holes, written for readers without a scientific background."
book_0077,The Selfish Gene,Richard Dawkins,Non-Fiction;Biology,English,1976,360,4.1,17.95,false,189,Oxford University Press,9780785159339,1976-01-01T00:00:00Z,evolution;biology,"Dawkins's gene-centred view of evolution, introducing the concept of the meme and reframing natural selection in terms of replicators."
book_0078,Cosmos,Carl Sagan,Non-Fiction;Astronomy,English,1980,396,4.4,18.99,false,195,Random House,9785413832400,1980-01-01T00:00:00Z,space;popular-science,"Sagan's poetic and panoramic tour of the universe, weaving together cosmology, history, and the human quest to understand our place in the cosmos."
book_0079,The Origin of Species,Charles Darwin,Non-Fiction;Biology,English,1859,502,4.2,14.99,false,83,John Murray,9781756707665,1859-01-01T00:00:00Z,evolution;classic;science,Darwin's revolutionary work introducing the theory of evolution by natural selection through extensive observations and synthesis of natural history.
book_0080,Silent Spring,Rachel Carson,Non-Fiction;Environment,English,1962,368,4.2,16.99,true,45,Houghton Mifflin,9787201800127,1962-01-01T00:00:00Z,environment;pesticides;classic,Carson's wake-up call about the environmental cost of pesticides that helped launch the modern environmental movement.
book_0081,Steve Jobs,Walter Isaacson,Biography;Business,English,2011,656,4.4,22.0,true,241,Simon & Schuster,9780251929701,2011-01-01T00:00:00Z,biography;tech;apple,"An authorized biography of Apple's co-founder based on hundreds of interviews, painting a complex portrait of one of the tech industry's most influential leaders."
book_0082,Elon Musk,Walter Isaacson,Biography;Business,English,2023,688,4.0,35.0,true,32,Simon & Schuster,9787289909033,2023-01-01T00:00:00Z,biography;tech;spacex,"Isaacson's deeply reported biography of Elon Musk, exploring the personal and professional forces that drive the founder of Tesla and SpaceX."
book_0083,Born a Crime,Trevor Noah,Biography;Memoir,English,2016,304,4.7,17.0,true,5,Spiegel & Grau,9787370413753,2016-01-01T00:00:00Z,memoir;south-africa,"Comedian Trevor Noah's memoir of growing up under apartheid in South Africa, told with humor and unsparing honesty about race, family, and resilience."
book_0084,Educated,Tara Westover,Biography;Memoir,English,2018,334,4.5,18.99,true,198,Random House,9780645047042,2018-01-01T00:00:00Z,memoir;education;family,A memoir of self-invention by a woman raised by survivalist parents in Idaho who eventually earned a PhD from the University of Cambridge.
book_0085,When Breath Becomes Air,Paul Kalanithi,Biography;Memoir,English,2016,228,4.6,16.99,true,143,Random House,9784377257595,2016-01-01T00:00:00Z,memoir;medicine;mortality,"A neurosurgeon's poignant meditation on identity, meaning, and mortality after a terminal cancer diagnosis cuts short a promising career."
book_0086,The Diary of a Young Girl,Anne Frank,Biography;History,Dutch,1947,283,4.5,12.0,true,28,Contact Publishing,9786664381624,1947-01-01T00:00:00Z,wwii;memoir;classic,"The diary of a Jewish teenager hiding from the Nazis in occupied Amsterdam, an enduring testament to humanity in the face of horror."
book_0087,Long Walk to Freedom,Nelson Mandela,Biography;History,English,1994,656,4.6,22.0,true,34,"Little, Brown",9785600333994,1994-01-01T00:00:00Z,memoir;south-africa;politics,"Nelson Mandela's autobiography, recounting his childhood, the long struggle against apartheid, and the road from prison cell to presidency."
book_0088,The Power of Habit,Charles Duhigg,Non-Fiction;Psychology,English,2012,371,4.1,18.0,true,111,Random House,9789832793786,2012-01-01T00:00:00Z,habits;productivity;psychology,"Why we do what we do in life and business, told through stories from Olympic athletes, Pepsodent executives, and civil-rights movements."
book_0089,Outliers,Malcolm Gladwell,Non-Fiction;Psychology,English,2008,309,4.2,18.0,true,231,"Little, Brown",9786370451475,2008-01-01T00:00:00Z,sociology;success,"Gladwell's exploration of the cultural, social, and statistical forces that produce extraordinarily successful people — popularizing the 10,000-hours rule."
book_0090,Blink,Malcolm Gladwell,Non-Fiction;Psychology,English,2005,296,4.0,17.0,true,51,"Little, Brown",9782968084551,2005-01-01T00:00:00Z,psychology;decision-making,An investigation into the power of split-second decisions and how rapid cognition can be more reliable than careful deliberation — except when it isn't.
book_0091,The Tipping Point,Malcolm Gladwell,Non-Fiction;Sociology,English,2000,301,4.0,17.0,true,108,"Little, Brown",9785122498089,2000-01-01T00:00:00Z,sociology;trends,"How little things can make a big difference — Gladwell's examination of the moments when ideas, behaviors, and products cross a threshold and spread like wildfire."
book_0092,"Compilers: Principles, Techniques, and Tools: Field Guide",Alfred V. Aho,Compilers;Computer Science,English,2009,889,4.2,102.46,true,116,HarperCollins,9782649936216,2009-01-01T00:00:00Z,dragon;field;compilers;academic,"A companion volume to Compilers: Principles, Techniques, and Tools that revisits the original's themes from a fresh angle, with updated examples and exercises drawn from the field guide tradition."
book_0093,Spark: The Definitive Guide: Field Guide,Bill Chambers and Matei Zaharia,Big Data;Distributed Systems,German,2015,683,4.5,43.02,true,20,Knopf,9789657796245,2015-01-01T00:00:00Z,data-processing;spark;field;scala,"A companion volume to Spark: The Definitive Guide that revisits the original's themes from a fresh angle, with updated examples and exercises drawn from the field guide tradition."
book_0094,Working Effectively with Legacy Code: Workbook,Michael C. Feathers,Software Engineering;Refactoring,English,2010,654,3.8,33.07,true,54,Prentice Hall,9789718873205,2010-01-01T00:00:00Z,workbook;legacy;testing;refactoring,"A companion volume to Working Effectively with Legacy Code that revisits the original's themes from a fresh angle, with updated examples and exercises drawn from the workbook tradition."
book_0095,Elon Musk: Workbook,Walter Isaacson,Biography;Business,English,2024,739,3.6,46.01,false,52,Simon & Schuster,9788525000835,2024-01-01T00:00:00Z,workbook;biography;spacex;tech,"A companion volume to Elon Musk that revisits the original's themes from a fresh angle, with updated examples and exercises drawn from the workbook tradition."
book_0096,When Breath Becomes Air: Solutions Manual,Paul Kalanithi,Biography;Memoir,English,2017,350,4.5,17.22,true,195,Random House,9782149261757,2017-01-01T00:00:00Z,medicine;mortality;memoir;solutions,"A companion volume to When Breath Becomes Air that revisits the original's themes from a fresh angle, with updated examples and exercises drawn from the solutions manual tradition."
book_0097,Code Complete: Annotated Edition,Steve McConnell,Programming;Software Engineering,English,2003,960,4.5,59.52,true,132,Microsoft Press,9780392208116,2003-01-01T00:00:00Z,annotated;best-practices;construction,"A companion volume to Code Complete that revisits the original's themes from a fresh angle, with updated examples and exercises drawn from the annotated edition tradition."
book_0098,Introduction to Algorithms: Companion,Thomas H. Cormen,Algorithms;Computer Science,English,2014,1249,4.9,87.51,true,0,MIT Press,9787890789642,2014-01-01T00:00:00Z,algorithms;academic;data-structures;companion,"A companion volume to Introduction to Algorithms that revisits the original's themes from a fresh angle, with updated examples and exercises drawn from the companion tradition."
book_0099,Cosmos: Field Guide,Carl Sagan,Non-Fiction;Astronomy,English,1987,538,4.0,24.98,true,195,Random House,9783744628266,1987-01-01T00:00:00Z,space;field;popular-science,"A companion volume to Cosmos that revisits the original's themes from a fresh angle, with updated examples and exercises drawn from the field guide tradition."
book_0100,Cracking the Coding Interview: Field Guide,Gayle Laakmann McDowell,Algorithms;Career,English,2014,844,4.7,36.8,false,130,Addison-Wesley,9787756470233,2014-01-01T00:00:00Z,algorithms;field;career;interview,"A companion volume to Cracking the Coding Interview that revisits the original's themes from a fresh angle, with updated examples and exercises drawn from the field guide tradition."
book_0101,Pride and Prejudice: Companion,Jane Austen,Fiction;Romance,English,1818,366,4.2,20.29,true,154,T. Egerton,9785614070229,1818-01-01T00:00:00Z,companion;regency;classic;romance,"A companion volume to Pride and Prejudice that revisits the original's themes from a fresh angle, with updated examples and exercises drawn from the companion tradition."
book_0102,Born a Crime: Companion,Trevor Noah,Biography;Memoir,English,2015,363,4.4,31.95,false,21,Spiegel & Grau,9785782475956,2015-01-01T00:00:00Z,memoir;companion;south-africa,"A companion volume to Born a Crime that revisits the original's themes from a fresh angle, with updated examples and exercises drawn from the companion tradition."
book_0103,Dune: Workbook,Frank Herbert,Fiction;Science Fiction,English,1971,625,4.9,10.46,true,34,Chilton Books,9789970253302,1971-01-01T00:00:00Z,politics;workbook;sci-fi;epic,"A companion volume to Dune that revisits the original's themes from a fresh angle, with updated examples and exercises drawn from the workbook tradition."
book_0104,Outliers: Field Guide,Malcolm Gladwell,Non-Fiction;Psychology,English,2008,298,4.1,17.36,true,14,"Little, Brown",9783337589080,2008-01-01T00:00:00Z,sociology;field;success,"A companion volume to Outliers that revisits the original's themes from a fresh angle, with updated examples and exercises drawn from the field guide tradition."
book_0105,Cloud Native Patterns: Field Guide,Cornelia Davis,Cloud Computing;Architecture,English,2022,393,3.6,51.14,true,68,HarperCollins,9787496198046,2022-01-01T00:00:00Z,cloud;field;12-factor;patterns,"A companion volume to Cloud Native Patterns that revisits the original's themes from a fresh angle, with updated examples and exercises drawn from the field guide tradition."
book_0106,Elasticsearch: The Definitive Guide: Field Guide,Clinton Gormley,Information Retrieval;Search,Japanese,2023,726,4.4,46.91,true,91,O'Reilly Media,9785955867922,2023-01-01T00:00:00Z,elasticsearch;field;lucene;search,"A companion volume to Elasticsearch: The Definitive Guide that revisits the original's themes from a fresh angle, with updated examples and exercises drawn from the field guide tradition."
book_0107,Zero to One: Workbook,Peter Thiel,Non-Fiction;Business,English,2014,303,4.5,46.24,false,56,Crown Business,9788280774248,2014-01-01T00:00:00Z,monopoly;innovation;workbook;startup,"A companion volume to Zero to One that revisits the original's themes from a fresh angle, with updated examples and exercises drawn from the workbook tradition."
book_0108,Crime and Punishment: Annotated Edition,Fyodor Dostoevsky,Fiction;Psychological,Russian,1872,589,4.1,5.06,true,152,Addison-Wesley,9781435641372,1872-01-01T00:00:00Z,psychology;annotated;classic;russian,"A companion volume to Crime and Punishment that revisits the original's themes from a fresh angle, with updated examples and exercises drawn from the annotated edition tradition."
book_0109,Introduction to Algorithms: Workbook,Thomas H. Cormen,Algorithms;Computer Science,English,2011,1359,4.4,94.96,false,125,MIT Press,9785011135408,2011-01-01T00:00:00Z,workbook;algorithms;academic;data-structures,"A companion volume to Introduction to Algorithms that revisits the original's themes from a fresh angle, with updated examples and exercises drawn from the workbook tradition."
book_0110,Software Engineering at Google: Companion,Titus Winters,Software Engineering;Engineering Culture,English,2020,597,4.6,65.52,true,98,O'Reilly Media,9785665244792,2020-01-01T00:00:00Z,culture;scale;process;companion,"A companion volume to Software Engineering at Google that revisits the original's themes from a fresh angle, with updated examples and exercises drawn from the companion tradition."
book_0111,Steve Jobs: Workbook,Walter Isaacson,Biography;Business,English,2015,714,4.2,13.95,false,194,Simon & Schuster,9785939522359,2015-01-01T00:00:00Z,workbook;biography;apple;tech,"A companion volume to Steve Jobs that revisits the original's themes from a fresh angle, with updated examples and exercises drawn from the workbook tradition."
book_0112,War and Peace: Companion,Leo Tolstoy,Fiction;Historical,German,1872,1115,4.2,35.05,true,5,The Russian Messenger,9781483114255,1872-01-01T00:00:00Z,history;epic;companion;napoleonic,"A companion volume to War and Peace that revisits the original's themes from a fresh angle, with updated examples and exercises drawn from the companion tradition."
book_0113,Capital in the Twenty-First Century: Solutions Manual,Thomas Piketty,Non-Fiction;Economics,French,2017,750,4.3,32.46,true,173,Belknap Press,9780332302645,2017-01-01T00:00:00Z,economics;inequality;solutions,"A companion volume to Capital in the Twenty-First Century that revisits the original's themes from a fresh angle, with updated examples and exercises drawn from the solutions manual tradition."
book_0114,Cosmos: Field Guide,Carl Sagan,Non-Fiction;Astronomy,English,1978,590,4.6,27.01,false,191,Random House,9783744628266,1978-01-01T00:00:00Z,space;field;popular-science,"A companion volume to Cosmos that revisits the original's themes from a fresh angle, with updated examples and exercises drawn from the field guide tradition."
book_0115,Crime and Punishment: Companion,Fyodor Dostoevsky,Fiction;Psychological,Japanese,1868,625,4.3,23.73,true,16,The Russian Messenger,9789754461107,1868-01-01T00:00:00Z,psychology;companion;classic;russian,"A companion volume to Crime and Punishment that revisits the original's themes from a fresh angle, with updated examples and exercises drawn from the companion tradition."
book_0116,Domain-Driven Design: Solutions Manual,Eric Evans,Software Engineering;Architecture,Spanish,2003,678,4.6,53.33,true,68,MIT Press,9788772064086,2003-01-01T00:00:00Z,ddd;modeling;solutions;architecture,"A companion volume to Domain-Driven Design that revisits the original's themes from a fresh angle, with updated examples and exercises drawn from the solutions manual tradition."
book_0117,Database System Concepts: Solutions Manual,Abraham Silberschatz,Databases;Computer Science,English,2019,1513,3.6,111.3,true,28,Knopf,9788277572185,2019-01-01T00:00:00Z,solutions;academic;sql;databases,"A companion volume to Database System Concepts that revisits the original's themes from a fresh angle, with updated examples and exercises drawn from the solutions manual tradition."
book_0118,The DevOps Handbook: Annotated Edition,Gene Kim,DevOps;Software Engineering,English,2014,588,3.9,37.31,true,169,Knopf,9780343984496,2014-01-01T00:00:00Z,culture;devops;automation;annotated,"A companion volume to The DevOps Handbook that revisits the original's themes from a fresh angle, with updated examples and exercises drawn from the annotated edition tradition."
book_0119,Introduction to Algorithms: Solutions Manual,Thomas H. Cormen,Algorithms;Computer Science,English,2007,1411,4.8,96.38,false,20,MIT Press,9787797311748,2007-01-01T00:00:00Z,algorithms;academic;data-structures;solutions,"A companion volume to Introduction to Algorithms that revisits the original's themes from a fresh angle, with updated examples and exercises drawn from the solutions manual tradition."
book_0120,The Lean Startup: Annotated Edition,Eric Ries,Non-Fiction;Business,English,2018,427,3.9,21.95,true,71,Crown Business,9782218276347,2018-01-01T00:00:00Z,product;annotated;lean;startup,"A companion volume to The Lean Startup that revisits the original's themes from a fresh angle, with updated examples and exercises drawn from the annotated edition tradition."
book_0121,Elon Musk: Companion,Walter Isaacson,Biography;Business,English,2023,708,3.5,54.85,true,155,Simon & Schuster,9784092377363,2023-01-01T00:00:00Z,biography;spacex;tech;companion,"A companion volume to Elon Musk that revisits the original's themes from a fresh angle, with updated examples and exercises drawn from the companion tradition."
book_0122,The Pragmatic Programmer: Field Guide,Andrew Hunt and David Thomas,Programming;Software Engineering,English,2001,319,4.0,36.59,true,103,Addison-Wesley,9786940771996,2001-01-01T00:00:00Z,best-practices;field;coding;career,"A companion volume to The Pragmatic Programmer that revisits the original's themes from a fresh angle, with updated examples and exercises drawn from the field guide tradition."
book_0123,The Great Gatsby: Annotated Edition,F. Scott Fitzgerald,Fiction;Classic,English,1931,325,3.6,16.23,false,65,Scribner,9780762382002,1931-01-01T00:00:00Z,annotated;jazz-age;classic;tragedy,"A companion volume to The Great Gatsby that revisits the original's themes from a fresh angle, with updated examples and exercises drawn from the annotated edition tradition."
book_0124,Zero to One: Field Guide,Peter Thiel,Non-Fiction;Business,English,2012,390,3.8,35.95,true,28,Crown Business,9780344332876,2012-01-01T00:00:00Z,monopoly;innovation;field;startup,"A companion volume to Zero to One that revisits the original's themes from a fresh angle, with updated examples and exercises drawn from the field guide tradition."
book_0125,The Lord of the Rings: Field Guide,J. R. R. Tolkien,Fiction;Fantasy,English,1959,1161,4.4,32.85,false,192,George Allen & Unwin,9784043049035,1959-01-01T00:00:00Z,field;fantasy;epic;middle-earth,"A companion volume to The Lord of the Rings that revisits the original's themes from a fresh angle, with updated examples and exercises drawn from the field guide tradition."
book_0126,You Don't Know JS Yet: Workbook,Kyle Simpson,Programming;JavaScript,English,2024,184,3.8,35.68,false,107,Self-Published,9784258922123,2024-01-01T00:00:00Z,workbook;series;javascript;fundamentals,"A companion volume to You Don't Know JS Yet that revisits the original's themes from a fresh angle, with updated examples and exercises drawn from the workbook tradition."
book_0127,Beloved: Workbook,Toni Morrison,Fiction;Historical,Japanese,1994,461,4.0,13.93,true,117,HarperCollins,9784605061895,1994-01-01T00:00:00Z,pulitzer;history;workbook;memory,"A companion volume to Beloved that revisits the original's themes from a fresh angle, with updated examples and exercises drawn from the workbook tradition."
book_0128,"The Art of Computer Programming, Vol. 1: Workbook",Donald E. Knuth,Algorithms;Computer Science,English,2001,651,4.5,112.86,false,176,Addison-Wesley,9780510773540,2001-01-01T00:00:00Z,math;workbook;classic;fundamentals,"A companion volume to The Art of Computer Programming, Vol. 1 that revisits the original's themes from a fresh angle, with updated examples and exercises drawn from the workbook tradition."
book_0129,The Road: Solutions Manual,Cormac McCarthy,Fiction;Post-Apocalyptic,English,2013,398,4.1,8.77,true,167,Random House,9789227955676,2013-01-01T00:00:00Z,solutions;post-apocalyptic;father-son,"A companion volume to The Road that revisits the original's themes from a fresh angle, with updated examples and exercises drawn from the solutions manual tradition."
book_0130,Patterns of Enterprise Application Architecture: Companion,Martin Fowler,Software Engineering;Architecture,English,2004,637,4.7,70.14,true,102,Random House,9782799298233,2004-01-01T00:00:00Z,enterprise;patterns;companion;architecture,"A companion volume to Patterns of Enterprise Application Architecture that revisits the original's themes from a fresh angle, with updated examples and exercises drawn from the companion tradition."
book_0131,"The Art of Computer Programming, Vol. 1: Annotated Edition",Donald E. Knuth,Algorithms;Computer Science,English,2000,778,4.9,90.0,true,118,Addison-Wesley,9786593066654,2000-01-01T00:00:00Z,math;classic;annotated;fundamentals,"A companion volume to The Art of Computer Programming, Vol. 1 that revisits the original's themes from a fresh angle, with updated examples and exercises drawn from the annotated edition tradition."
book_0132,Kubernetes Up & Running: Workbook,Brendan Burns,Cloud Computing;DevOps,English,2016,371,4.5,52.33,false,166,O'Reilly Media,9785847870795,2016-01-01T00:00:00Z,workbook;ops;kubernetes;containers,"A companion volume to Kubernetes Up & Running that revisits the original's themes from a fresh angle, with updated examples and exercises drawn from the workbook tradition."
book_0133,Anna Karenina: Field Guide,Leo Tolstoy,Fiction;Romance,Russian,1881,920,4.4,25.5,true,172,Random House,9789629091934,1881-01-01T00:00:00Z,field;tragedy;classic;russian,"A companion volume to Anna Karenina that revisits the original's themes from a fresh angle, with updated examples and exercises drawn from the field guide tradition."
book_0134,The Great Gatsby: Annotated Edition,F. Scott Fitzgerald,Fiction;Classic,English,1930,80,4.3,5.0,true,186,MIT Press,9780762382002,1930-01-01T00:00:00Z,annotated;jazz-age;classic;tragedy,"A companion volume to The Great Gatsby that revisits the original's themes from a fresh angle, with updated examples and exercises drawn from the annotated edition tradition."
book_0135,Cracking the Coding Interview: Workbook,Gayle Laakmann McDowell,Algorithms;Career,English,2020,853,4.2,34.28,true,174,CareerCup,9781647297893,2020-01-01T00:00:00Z,workbook;algorithms;career;interview,"A companion volume to Cracking the Coding Interview that revisits the original's themes from a fresh angle, with updated examples and exercises drawn from the workbook tradition."
book_0136,JavaScript: The Good Parts: Annotated Edition,Douglas Crockford,Programming;JavaScript,Arabic,2013,247,4.4,43.8,true,100,Random House,9781463166526,2013-01-01T00:00:00Z,annotated;javascript;language-design,"A companion volume to JavaScript: The Good Parts that revisits the original's themes from a fresh angle, with updated examples and exercises drawn from the annotated edition tradition."
book_0137,"The Art of Computer Programming, Vol. 1: Field Guide",Donald E. Knuth,Algorithms;Computer Science,English,2001,753,4.7,115.07,false,31,Addison-Wesley,9788148920831,2001-01-01T00:00:00Z,math;field;classic;fundamentals,"A companion volume to The Art of Computer Programming, Vol. 1 that revisits the original's themes from a fresh angle, with updated examples and exercises drawn from the field guide tradition."
book_0138,Programming Pearls: Companion,Jon Bentley,Programming;Algorithms,English,2001,298,4.8,40.49,true,20,Addison-Wesley,9788233394554,2001-01-01T00:00:00Z,problem-solving;companion;essays;classic,"A companion volume to Programming Pearls that revisits the original's themes from a fresh angle, with updated examples and exercises drawn from the companion tradition."
book_0139,Structure and Interpretation of Computer Programs: Annotated Edition,Harold Abelson and Gerald Jay Sussman,Programming;Computer Science,English,2003,726,4.3,62.75,true,111,MIT Press,9785469089520,2003-01-01T00:00:00Z,annotated;scheme;functional;classic,"A companion volume to Structure and Interpretation of Computer Programs that revisits the original's themes from a fresh angle, with updated examples and exercises drawn from the annotated edition tradition."
book_0140,The Brothers Karamazov: Field Guide,Fyodor Dostoevsky,Fiction;Philosophy,Russian,1882,964,4.6,15.77,true,148,The Russian Messenger,9789242251654,1882-01-01T00:00:00Z,field;philosophy;classic;russian,"A companion volume to The Brothers Karamazov that revisits the original's themes from a fresh angle, with updated examples and exercises drawn from the field guide tradition."
book_0141,The Diary of a Young Girl: Workbook,Anne Frank,Biography;History,Dutch,1949,227,4.4,12.44,true,58,Addison-Wesley,9783186130976,1949-01-01T00:00:00Z,workbook;memoir;wwii;classic,"A companion volume to The Diary of a Young Girl that revisits the original's themes from a fresh angle, with updated examples and exercises drawn from the workbook tradition."
book_0142,The Design of Everyday Things: Field Guide,Don Norman,UX Design;Psychology,English,2012,467,4.2,32.81,true,57,Basic Books,9789209819064,2012-01-01T00:00:00Z,field;cognition;design;affordance,"A companion volume to The Design of Everyday Things that revisits the original's themes from a fresh angle, with updated examples and exercises drawn from the field guide tradition."
book_0143,Sapiens: Solutions Manual,Yuval Noah Harari,Non-Fiction;History,English,2016,572,4.7,32.94,true,145,Harper,9789565252628,2016-01-01T00:00:00Z,history;solutions;anthropology,"A companion volume to Sapiens that revisits the original's themes from a fresh angle, with updated examples and exercises drawn from the solutions manual tradition."
book_0144,Neuromancer: Solutions Manual,William Gibson,Fiction;Science Fiction,French,1984,360,3.4,11.58,false,82,Ace Books,9783778983799,1984-01-01T00:00:00Z,solutions;classic;ai;cyberpunk,"A companion volume to Neuromancer that revisits the original's themes from a fresh angle, with updated examples and exercises drawn from the solutions manual tradition."
book_0145,Foundation: Annotated Edition,Isaac Asimov,Fiction;Science Fiction,English,1953,361,4.4,5.67,true,120,HarperCollins,9786242554488,1953-01-01T00:00:00Z,sci-fi;psychohistory;annotated;classic,"A companion volume to Foundation that revisits the original's themes from a fresh angle, with updated examples and exercises drawn from the annotated edition tradition."
book_0146,Kubernetes Up & Running: Workbook,Brendan Burns,Cloud Computing;DevOps,English,2018,187,4.7,39.12,true,190,Random House,9785847870795,2018-01-01T00:00:00Z,workbook;ops;kubernetes;containers,"A companion volume to Kubernetes Up & Running that revisits the original's themes from a fresh angle, with updated examples and exercises drawn from the workbook tradition."
book_0147,Site Reliability Engineering: Companion,Niall Richard Murphy and Betsy Beyer,DevOps;Operations,English,2023,621,4.1,62.98,true,157,O'Reilly Media,9785841523215,2023-01-01T00:00:00Z,operations;sre;companion;google,"A companion volume to Site Reliability Engineering that revisits the original's themes from a fresh angle, with updated examples and exercises drawn from the companion tradition."
book_0148,The Origin of Species: Solutions Manual,Charles Darwin,Non-Fiction;Biology,English,1867,575,3.7,34.56,true,131,John Murray,9784411962393,1867-01-01T00:00:00Z,science;solutions;evolution;classic,"A companion volume to The Origin of Species that revisits the original's themes from a fresh angle, with updated examples and exercises drawn from the solutions manual tradition."
book_0149,The Great Gatsby: Field Guide,F. Scott Fitzgerald,Fiction;Classic,English,1933,128,4.4,5.0,true,27,Scribner,9780937613528,1933-01-01T00:00:00Z,field;jazz-age;classic;tragedy,"A companion volume to The Great Gatsby that revisits the original's themes from a fresh angle, with updated examples and exercises drawn from the field guide tradition."
book_0150,Deep Learning: Field Guide,Ian Goodfellow,Machine Learning;Artificial Intelligence,Chinese,2014,969,4.0,63.7,false,126,MIT Press,9788126494521,2014-01-01T00:00:00Z,neural-networks;deep-learning;field;theory,"A companion volume to Deep Learning that revisits the original's themes from a fresh angle, with updated examples and exercises drawn from the field guide tradition."
book_0151,Computer Systems: A Programmer's Perspective: Companion,Randal E. Bryant and David R. O'Hallaron,Computer Architecture;Operating Systems,English,2017,1054,4.6,81.69,true,147,Pearson,9783016137373,2017-01-01T00:00:00Z,x86;systems;companion;linking,"A companion volume to Computer Systems: A Programmer's Perspective that revisits the original's themes from a fresh angle, with updated examples and exercises drawn from the companion tradition."
book_0152,Software Engineering at Google: Companion,Titus Winters,Software Engineering;Engineering Culture,English,2022,611,4.1,40.09,true,122,O'Reilly Media,9785665244792,2022-01-01T00:00:00Z,culture;scale;process;companion,"A companion volume to Software Engineering at Google that revisits the original's themes from a fresh angle, with updated examples and exercises drawn from the companion tradition."
book_0153,Introduction to Algorithms: Annotated Edition,Thomas H. Cormen,Algorithms;Computer Science,English,2008,1504,4.7,99.67,true,131,Simon & Schuster,9789682416699,2008-01-01T00:00:00Z,algorithms;academic;data-structures;annotated,"A companion volume to Introduction to Algorithms that revisits the original's themes from a fresh angle, with updated examples and exercises drawn from the annotated edition tradition."
book_0154,Building Microservices: Companion,Sam Newman,Software Engineering;Architecture,English,2018,751,4.2,55.54,false,82,O'Reilly Media,9787047587220,2018-01-01T00:00:00Z,companion;patterns;architecture;microservices,"A companion volume to Building Microservices that revisits the original's themes from a fresh angle, with updated examples and exercises drawn from the companion tradition."
book_0155,Code Complete: Annotated Edition,Steve McConnell,Programming;Software Engineering,English,2004,881,4.4,56.9,true,127,Microsoft Press,9780392208116,2004-01-01T00:00:00Z,annotated;best-practices;construction,"A companion volume to Code Complete that revisits the original's themes from a fresh angle, with updated examples and exercises drawn from the annotated edition tradition."
book_0156,Zero to One: Companion,Peter Thiel,Non-Fiction;Business,French,2021,214,4.2,39.11,true,50,Manning,9782923579696,2021-01-01T00:00:00Z,monopoly;innovation;companion;startup,"A companion volume to Zero to One that revisits the original's themes from a fresh angle, with updated examples and exercises drawn from the companion tradition."
book_0157,Domain-Driven Design: Workbook,Eric Evans,Software Engineering;Architecture,French,2003,617,4.0,51.53,true,110,Addison-Wesley,9787757378590,2003-01-01T00:00:00Z,ddd;workbook;modeling;architecture,"A companion volume to Domain-Driven Design that revisits the original's themes from a fresh angle, with updated examples and exercises drawn from the workbook tradition."
book_0158,Designing Distributed Systems: Workbook,Brendan Burns,Distributed Systems;Cloud Computing,English,2016,135,4.0,44.72,true,82,O'Reilly Media,9787950400074,2016-01-01T00:00:00Z,workbook;patterns;kubernetes;microservices,"A companion volume to Designing Distributed Systems that revisits the original's themes from a fresh angle, with updated examples and exercises drawn from the workbook tradition."
book_0159,When Breath Becomes Air: Workbook,Paul Kalanithi,Biography;Memoir,English,2015,346,4.6,36.1,false,160,Random House,9785526540414,2015-01-01T00:00:00Z,medicine;mortality;memoir;workbook,"A companion volume to When Breath Becomes Air that revisits the original's themes from a fresh angle, with updated examples and exercises drawn from the workbook tradition."
book_0160,Foundation: Field Guide,Isaac Asimov,Fiction;Science Fiction,English,1951,189,3.9,27.58,true,112,Gnome Press,9783594949818,1951-01-01T00:00:00Z,field;sci-fi;psychohistory;classic,"A companion volume to Foundation that revisits the original's themes from a fresh angle, with updated examples and exercises drawn from the field guide tradition."
book_0161,Pride and Prejudice: Solutions Manual,Jane Austen,Fiction;Romance,English,1820,467,4.7,5.0,false,169,O'Reilly Media,9782223716289,1820-01-01T00:00:00Z,solutions;regency;classic;romance,"A companion volume to Pride and Prejudice that revisits the original's themes from a fresh angle, with updated examples and exercises drawn from the solutions manual tradition."
book_0162,Patterns of Enterprise Application Architecture: Companion,Martin Fowler,Software Engineering;Architecture,English,2004,752,4.4,66.37,false,110,Vintage,9782799298233,2004-01-01T00:00:00Z,enterprise;patterns;companion;architecture,"A companion volume to Patterns of Enterprise Application Architecture that revisits the original's themes from a fresh angle, with updated examples and exercises drawn from the companion tradition."
book_0163,Zero to One: Workbook,Peter Thiel,Non-Fiction;Business,German,2018,281,3.9,38.97,true,161,HarperCollins,9788280774248,2018-01-01T00:00:00Z,monopoly;innovation;workbook;startup,"A companion volume to Zero to One that revisits the original's themes from a fresh angle, with updated examples and exercises drawn from the workbook tradition."
book_0164,The Wealth of Nations: Companion,Adam Smith,Non-Fiction;Economics,English,1784,1182,3.9,31.21,true,32,W. Strahan,9784246710862,1784-01-01T00:00:00Z,economics;companion;philosophy;classic,"A companion volume to The Wealth of Nations that revisits the original's themes from a fresh angle, with updated examples and exercises drawn from the companion tradition."
book_0165,Solr in Action: Annotated Edition,Trey Grainger,Information Retrieval;Search,English,2020,633,4.5,51.42,false,69,Manning,9787610854629,2020-01-01T00:00:00Z,solr;annotated;lucene;search,"A companion volume to Solr in Action that revisits the original's themes from a fresh angle, with updated examples and exercises drawn from the annotated edition tradition."
book_0166,Solr in Action: Annotated Edition,Trey Grainger,Information Retrieval;Search,German,2021,696,4.3,59.79,true,173,Manning,9787610854629,2021-01-01T00:00:00Z,solr;annotated;lucene;search,"A companion volume to Solr in Action that revisits the original's themes from a fresh angle, with updated examples and exercises drawn from the annotated edition tradition."
book_0167,Spark: The Definitive Guide: Field Guide,Bill Chambers and Matei Zaharia,Big Data;Distributed Systems,English,2024,625,4.2,42.27,true,36,Vintage,9789657796245,2024-01-01T00:00:00Z,data-processing;spark;field;scala,"A companion volume to Spark: The Definitive Guide that revisits the original's themes from a fresh angle, with updated examples and exercises drawn from the field guide tradition."
book_0168,The Great Gatsby: Annotated Edition,F. Scott Fitzgerald,Fiction;Classic,English,1928,350,3.5,20.29,true,31,Scribner,9780762382002,1928-01-01T00:00:00Z,annotated;jazz-age;classic;tragedy,"A companion volume to The Great Gatsby that revisits the original's themes from a fresh angle, with updated examples and exercises drawn from the annotated edition tradition."
book_0169,Working Effectively with Legacy Code: Annotated Edition,Michael C. Feathers,Software Engineering;Refactoring,English,2004,567,4.7,45.18,false,26,HarperCollins,9786621914827,2004-01-01T00:00:00Z,legacy;testing;annotated;refactoring,"A companion volume to Working Effectively with Legacy Code that revisits the original's themes from a fresh angle, with updated examples and exercises drawn from the annotated edition tradition."
book_0170,"Thinking, Fast and Slow: Workbook",Daniel Kahneman,Non-Fiction;Psychology,English,2014,667,4.3,38.88,true,191,O'Reilly Media,9784418454358,2014-01-01T00:00:00Z,workbook;cognition;decision-making,"A companion volume to Thinking, Fast and Slow that revisits the original's themes from a fresh angle, with updated examples and exercises drawn from the workbook tradition."
book_0171,Beloved: Solutions Manual,Toni Morrison,Fiction;Historical,English,1989,315,4.3,20.96,true,92,Knopf,9784275853882,1989-01-01T00:00:00Z,pulitzer;history;solutions;memory,"A companion volume to Beloved that revisits the original's themes from a fresh angle, with updated examples and exercises drawn from the solutions manual tradition."
book_0172,Effective Java: Workbook,Joshua Bloch,Programming;Java,English,2018,488,4.4,60.87,false,83,Addison-Wesley,9788902463512,2018-01-01T00:00:00Z,workbook;java;design;best-practices,"A companion volume to Effective Java that revisits the original's themes from a fresh angle, with updated examples and exercises drawn from the workbook tradition."
book_0173,Kubernetes Up & Running: Annotated Edition,Brendan Burns,Cloud Computing;DevOps,English,2027,368,4.2,43.6,true,94,O'Reilly Media,9780227015681,2027-01-01T00:00:00Z,annotated;ops;kubernetes;containers,"A companion volume to Kubernetes Up & Running that revisits the original's themes from a fresh angle, with updated examples and exercises drawn from the annotated edition tradition."
book_0174,Steve Jobs: Companion,Walter Isaacson,Biography;Business,English,2018,829,4.3,23.75,true,40,MIT Press,9788746355899,2018-01-01T00:00:00Z,biography;apple;tech;companion,"A companion volume to Steve Jobs that revisits the original's themes from a fresh angle, with updated examples and exercises drawn from the companion tradition."
book_0175,The Phoenix Project: Companion,Gene Kim,DevOps;Fiction,English,2021,457,4.9,31.45,false,114,IT Revolution Press,9788846590992,2021-01-01T00:00:00Z,companion;devops;lean;novel,"A companion volume to The Phoenix Project that revisits the original's themes from a fresh angle, with updated examples and exercises drawn from the companion tradition."
book_0176,Silent Spring: Companion,Rachel Carson,Non-Fiction;Environment,English,1962,486,4.1,13.76,true,104,Houghton Mifflin,9784039119063,1962-01-01T00:00:00Z,companion;pesticides;classic;environment,"A companion volume to Silent Spring that revisits the original's themes from a fresh angle, with updated examples and exercises drawn from the companion tradition."
book_0177,Hands-On Machine Learning: Annotated Edition,Aurelien Geron,Machine Learning;Data Science,English,2019,827,4.7,50.18,true,78,O'Reilly Media,9781310672972,2019-01-01T00:00:00Z,tensorflow;ml;annotated;scikit-learn,"A companion volume to Hands-On Machine Learning that revisits the original's themes from a fresh angle, with updated examples and exercises drawn from the annotated edition tradition."
book_0178,Refactoring: Annotated Edition,Martin Fowler,Programming;Software Engineering,English,2022,350,4.3,44.36,true,23,O'Reilly Media,9780095067256,2022-01-01T00:00:00Z,design;patterns;annotated;refactoring,"A companion volume to Refactoring that revisits the original's themes from a fresh angle, with updated examples and exercises drawn from the annotated edition tradition."
book_0179,Educated: Annotated Edition,Tara Westover,Biography;Memoir,English,2024,473,4.2,14.26,true,141,Vintage,9780797186651,2024-01-01T00:00:00Z,education;memoir;family;annotated,"A companion volume to Educated that revisits the original's themes from a fresh angle, with updated examples and exercises drawn from the annotated edition tradition."
book_0180,Blink: Annotated Edition,Malcolm Gladwell,Non-Fiction;Psychology,Japanese,2013,433,4.0,20.62,false,47,"Little, Brown",9785353042013,2013-01-01T00:00:00Z,decision-making;annotated;psychology,"A companion volume to Blink that revisits the original's themes from a fresh angle, with updated examples and exercises drawn from the annotated edition tradition."
book_0181,Pride and Prejudice: Solutions Manual,Jane Austen,Fiction;Romance,English,1813,627,4.6,27.11,true,179,T. Egerton,9782223716289,1813-01-01T00:00:00Z,solutions;regency;classic;romance,"A companion volume to Pride and Prejudice that revisits the original's themes from a fresh angle, with updated examples and exercises drawn from the solutions manual tradition."
book_0182,Outliers: Companion,Malcolm Gladwell,Non-Fiction;Psychology,English,2014,366,4.1,34.94,true,49,"Little, Brown",9789014713212,2014-01-01T00:00:00Z,sociology;companion;success,"A companion volume to Outliers that revisits the original's themes from a fresh angle, with updated examples and exercises drawn from the companion tradition."
book_0183,Structure and Interpretation of Computer Programs: Annotated Edition,Harold Abelson and Gerald Jay Sussman,Programming;Computer Science,English,2001,656,4.4,72.64,true,102,MIT Press,9785469089520,2001-01-01T00:00:00Z,annotated;scheme;functional;classic,"A companion volume to Structure and Interpretation of Computer Programs that revisits the original's themes from a fresh angle, with updated examples and exercises drawn from the annotated edition tradition."
book_0184,Elon Musk: Solutions Manual,Walter Isaacson,Biography;Business,English,2025,782,3.5,26.63,true,108,Simon & Schuster,9780209291300,2025-01-01T00:00:00Z,biography;spacex;tech;solutions,"A companion volume to Elon Musk that revisits the original's themes from a fresh angle, with updated examples and exercises drawn from the solutions manual tradition."
book_0185,The Wealth of Nations: Annotated Edition,Adam Smith,Non-Fiction;Economics,English,1781,1348,4.0,41.72,true,193,W. Strahan,9784914270421,1781-01-01T00:00:00Z,economics;philosophy;annotated;classic,"A companion volume to The Wealth of Nations that revisits the original's themes from a fresh angle, with updated examples and exercises drawn from the annotated edition tradition."
book_0186,War and Peace: Companion,Leo Tolstoy,Fiction;Historical,Japanese,1877,1364,4.6,23.27,false,1,MIT Press,9781483114255,1877-01-01T00:00:00Z,history;epic;companion;napoleonic,"A companion volume to War and Peace that revisits the original's themes from a fresh angle, with updated examples and exercises drawn from the companion tradition."
book_0187,The C Programming Language: Workbook,Brian W. Kernighan and Dennis M. Ritchie,Programming;C,English,1985,167,4.4,57.95,false,181,Prentice Hall,9784209548211,1985-01-01T00:00:00Z,workbook;fundamentals;classic;c,"A companion volume to The C Programming Language that revisits the original's themes from a fresh angle, with updated examples and exercises drawn from the workbook tradition."
book_0188,The Power of Habit: Workbook,Charles Duhigg,Non-Fiction;Psychology,English,2017,478,3.7,36.22,true,0,Random House,9782369552154,2017-01-01T00:00:00Z,productivity;workbook;habits;psychology,"A companion volume to The Power of Habit that revisits the original's themes from a fresh angle, with updated examples and exercises drawn from the workbook tradition."
book_0189,Cracking the Coding Interview: Solutions Manual,Gayle Laakmann McDowell,Algorithms;Career,English,2017,579,4.3,27.97,true,58,O'Reilly Media,9784576083711,2017-01-01T00:00:00Z,algorithms;solutions;career;interview,"A companion volume to Cracking the Coding Interview that revisits the original's themes from a fresh angle, with updated examples and exercises drawn from the solutions manual tradition."
book_0190,The Lean Startup: Field Guide,Eric Ries,Non-Fiction;Business,French,2011,366,3.9,33.83,true,187,Crown Business,9783767070424,2011-01-01T00:00:00Z,product;field;lean;startup,"A companion volume to The Lean Startup that revisits the original's themes from a fresh angle, with updated examples and exercises drawn from the field guide tradition."
book_0191,Zero to One: Field Guide,Peter Thiel,Non-Fiction;Business,English,2018,121,4.0,33.99,true,53,Crown Business,9780344332876,2018-01-01T00:00:00Z,monopoly;innovation;field;startup,"A companion volume to Zero to One that revisits the original's themes from a fresh angle, with updated examples and exercises drawn from the field guide tradition."
book_0192,Introduction to Algorithms: Annotated Edition,Thomas H. Cormen,Algorithms;Computer Science,English,2014,1298,4.8,97.26,true,140,MIT Press,9789682416699,2014-01-01T00:00:00Z,algorithms;academic;data-structures;annotated,"A companion volume to Introduction to Algorithms that revisits the original's themes from a fresh angle, with updated examples and exercises drawn from the annotated edition tradition."
book_0193,Sapiens: Field Guide,Yuval Noah Harari,Non-Fiction;History,English,2012,482,3.9,16.76,false,53,Harper,9782581932024,2012-01-01T00:00:00Z,history;field;anthropology,"A companion volume to Sapiens that revisits the original's themes from a fresh angle, with updated examples and exercises drawn from the field guide tradition."
book_0194,The Wealth of Nations: Solutions Manual,Adam Smith,Non-Fiction;Economics,English,1783,1279,3.7,25.59,false,165,W. Strahan,9785246941126,1783-01-01T00:00:00Z,economics;solutions;philosophy;classic,"A companion volume to The Wealth of Nations that revisits the original's themes from a fresh angle, with updated examples and exercises drawn from the solutions manual tradition."
book_0195,Cracking the Coding Interview: Workbook,Gayle Laakmann McDowell,Algorithms;Career,English,2021,812,4.6,46.95,true,170,CareerCup,9781647297893,2021-01-01T00:00:00Z,workbook;algorithms;career;interview,"A companion volume to Cracking the Coding Interview that revisits the original's themes from a fresh angle, with updated examples and exercises drawn from the workbook tradition."
book_0196,Cosmos: Companion,Carl Sagan,Non-Fiction;Astronomy,English,1977,381,4.7,27.14,true,3,Random House,9781208476460,1977-01-01T00:00:00Z,space;companion;popular-science,"A companion volume to Cosmos that revisits the original's themes from a fresh angle, with updated examples and exercises drawn from the companion tradition."
book_0197,Clean Code: Companion,Robert C. Martin,Programming;Software Engineering,English,2014,532,4.1,30.33,true,94,Random House,9781399229449,2014-01-01T00:00:00Z,design;coding;companion;refactoring,"A companion volume to Clean Code that revisits the original's themes from a fresh angle, with updated examples and exercises drawn from the companion tradition."
book_0198,Operating System Concepts: Annotated Edition,Abraham Silberschatz,Operating Systems;Computer Science,English,2017,995,4.1,98.03,false,143,Penguin Classics,9781363290734,2017-01-01T00:00:00Z,os;academic;annotated;kernel,"A companion volume to Operating System Concepts that revisits the original's themes from a fresh angle, with updated examples and exercises drawn from the annotated edition tradition."
book_0199,Pride and Prejudice: Companion,Jane Austen,Fiction;Romance,English,1816,621,4.5,5.0,true,137,Penguin Classics,9785614070229,1816-01-01T00:00:00Z,companion;regency;classic;romance,"A companion volume to Pride and Prejudice that revisits the original's themes from a fresh angle, with updated examples and exercises drawn from the companion tradition."
book_0200,Refactoring: Solutions Manual,Martin Fowler,Programming;Software Engineering,English,2022,343,4.4,56.3,false,121,Addison-Wesley,9780636541689,2022-01-01T00:00:00Z,solutions;design;patterns;refactoring,"A companion volume to Refactoring that revisits the original's themes from a fresh angle, with updated examples and exercises drawn from the solutions manual tradition."
book_0201,The Lord of the Rings: Field Guide,J. R. R. Tolkien,Fiction;Fantasy,English,1959,1207,5.0,31.83,true,103,George Allen & Unwin,9784043049035,1959-01-01T00:00:00Z,field;fantasy;epic;middle-earth,"A companion volume to The Lord of the Rings that revisits the original's themes from a fresh angle, with updated examples and exercises drawn from the field guide tradition."
book_0202,Programming Pearls: Companion,Jon Bentley,Programming;Algorithms,English,2003,428,4.6,40.87,true,70,Addison-Wesley,9788233394554,2003-01-01T00:00:00Z,problem-solving;companion;essays;classic,"A companion volume to Programming Pearls that revisits the original's themes from a fresh angle, with updated examples and exercises drawn from the companion tradition."
book_0203,Kubernetes Up & Running: Solutions Manual,Brendan Burns,Cloud Computing;DevOps,Japanese,2025,416,4.2,35.85,true,35,O'Reilly Media,9780783571379,2025-01-01T00:00:00Z,solutions;ops;kubernetes;containers,"A companion volume to Kubernetes Up & Running that revisits the original's themes from a fresh angle, with updated examples and exercises drawn from the solutions manual tradition."
book_0204,Capital in the Twenty-First Century: Field Guide,Thomas Piketty,Non-Fiction;Economics,French,2020,878,4.3,31.21,true,94,Belknap Press,9786700064375,2020-01-01T00:00:00Z,economics;inequality;field,"A companion volume to Capital in the Twenty-First Century that revisits the original's themes from a fresh angle, with updated examples and exercises drawn from the field guide tradition."
book_0205,You Don't Know JS Yet: Annotated Edition,Kyle Simpson,Programming;JavaScript,English,2028,206,4.2,26.25,true,42,Penguin Classics,9789614948724,2028-01-01T00:00:00Z,annotated;series;javascript;fundamentals,"A companion volume to You Don't Know JS Yet that revisits the original's themes from a fresh angle, with updated examples and exercises drawn from the annotated edition tradition."
book_0206,The Hobbit: Companion,J. R. R. Tolkien,Fiction;Fantasy,English,1943,441,4.9,23.23,true,116,Simon & Schuster,9780102201673,1943-01-01T00:00:00Z,adventure;fantasy;middle-earth;companion,"A companion volume to The Hobbit that revisits the original's themes from a fresh angle, with updated examples and exercises drawn from the companion tradition."
book_0207,Computer Networking: A Top-Down Approach: Solutions Manual,James F. Kurose and Keith W. Ross,Networking;Computer Science,English,2017,1017,3.9,98.56,true,63,Pearson,9789683403131,2017-01-01T00:00:00Z,solutions;tcp;networking;academic,"A companion volume to Computer Networking: A Top-Down Approach that revisits the original's themes from a fresh angle, with updated examples and exercises drawn from the solutions manual tradition."
book_0208,Structure and Interpretation of Computer Programs: Companion,Harold Abelson and Gerald Jay Sussman,Programming;Computer Science,Spanish,1994,820,4.9,70.07,false,190,MIT Press,9782724455700,1994-01-01T00:00:00Z,companion;scheme;functional;classic,"A companion volume to Structure and Interpretation of Computer Programs that revisits the original's themes from a fresh angle, with updated examples and exercises drawn from the companion tradition."
book_0209,The Tipping Point: Field Guide,Malcolm Gladwell,Non-Fiction;Sociology,English,2002,340,3.4,31.55,true,171,"Little, Brown",9789225710017,2002-01-01T00:00:00Z,trends;sociology;field,"A companion volume to The Tipping Point that revisits the original's themes from a fresh angle, with updated examples and exercises drawn from the field guide tradition."
book_0210,Cosmos: Solutions Manual,Carl Sagan,Non-Fiction;Astronomy,English,1987,556,4.1,38.28,true,46,Random House,9789282912706,1987-01-01T00:00:00Z,space;solutions;popular-science,"A companion volume to Cosmos that revisits the original's themes from a fresh angle, with updated examples and exercises drawn from the solutions manual tradition."
book_0211,Kubernetes Up & Running: Solutions Manual,Brendan Burns,Cloud Computing;DevOps,English,2027,379,4.6,50.5,true,120,O'Reilly Media,9780783571379,2027-01-01T00:00:00Z,solutions;ops;kubernetes;containers,"A companion volume to Kubernetes Up & Running that revisits the original's themes from a fresh angle, with updated examples and exercises drawn from the solutions manual tradition."
book_0212,Designing Distributed Systems: Workbook,Brendan Burns,Distributed Systems;Cloud Computing,English,2020,184,4.1,33.4,true,144,O'Reilly Media,9787950400074,2020-01-01T00:00:00Z,workbook;patterns;kubernetes;microservices,"A companion volume to Designing Distributed Systems that revisits the original's themes from a fresh angle, with updated examples and exercises drawn from the workbook tradition."
book_0213,Fluent Python: Workbook,Luciano Ramalho,Programming;Python,English,2024,894,4.7,62.2,false,129,O'Reilly Media,9786864464462,2024-01-01T00:00:00Z,advanced;workbook;idioms;python,"A companion volume to Fluent Python that revisits the original's themes from a fresh angle, with updated examples and exercises drawn from the workbook tradition."
book_0214,The Hobbit: Field Guide,J. R. R. Tolkien,Fiction;Fantasy,English,1937,364,4.6,14.44,false,164,George Allen & Unwin,9782501476867,1937-01-01T00:00:00Z,adventure;fantasy;middle-earth;field,"A companion volume to The Hobbit that revisits the original's themes from a fresh angle, with updated examples and exercises drawn from the field guide tradition."
book_0215,Code Complete: Companion,Steve McConnell,Programming;Software Engineering,English,2009,1150,4.6,39.2,false,107,Microsoft Press,9782707243638,2009-01-01T00:00:00Z,companion;best-practices;construction,"A companion volume to Code Complete that revisits the original's themes from a fresh angle, with updated examples and exercises drawn from the companion tradition."
book_0216,Deep Learning: Workbook,Ian Goodfellow,Machine Learning;Artificial Intelligence,English,2014,851,4.5,76.1,true,11,MIT Press,9780917565649,2014-01-01T00:00:00Z,neural-networks;deep-learning;workbook;theory,"A companion volume to Deep Learning that revisits the original's themes from a fresh angle, with updated examples and exercises drawn from the workbook tradition."
book_0217,The Mythical Man-Month: Companion,Frederick P. Brooks Jr.,Software Engineering;Project Management,English,1995,354,3.8,47.75,true,184,Addison-Wesley,9789806951587,1995-01-01T00:00:00Z,history;project-management;essays;companion,"A companion volume to The Mythical Man-Month that revisits the original's themes from a fresh angle, with updated examples and exercises drawn from the companion tradition."
book_0218,JavaScript: The Good Parts: Solutions Manual,Douglas Crockford,Programming;JavaScript,English,2006,106,4.0,26.89,true,126,O'Reilly Media,9785407845065,2006-01-01T00:00:00Z,solutions;javascript;language-design,"A companion volume to JavaScript: The Good Parts that revisits the original's themes from a fresh angle, with updated examples and exercises drawn from the solutions manual tradition."
book_0219,Educated: Field Guide,Tara Westover,Biography;Memoir,German,2015,222,3.9,34.33,true,60,Random House,9782943334039,2015-01-01T00:00:00Z,education;memoir;field;family,"A companion volume to Educated that revisits the original's themes from a fresh angle, with updated examples and exercises drawn from the field guide tradition."
book_0220,Silent Spring: Field Guide,Rachel Carson,Non-Fiction;Environment,German,1963,504,3.8,27.11,false,84,Houghton Mifflin,9786667184154,1963-01-01T00:00:00Z,pesticides;field;classic;environment,"A companion volume to Silent Spring that revisits the original's themes from a fresh angle, with updated examples and exercises drawn from the field guide tradition."
book_0221,Capital in the Twenty-First Century: Annotated Edition,Thomas Piketty,Non-Fiction;Economics,French,2014,889,3.9,41.13,true,20,Belknap Press,9781968009632,2014-01-01T00:00:00Z,economics;inequality;annotated,"A companion volume to Capital in the Twenty-First Century that revisits the original's themes from a fresh angle, with updated examples and exercises drawn from the annotated edition tradition."
book_0222,Cosmos: Solutions Manual,Carl Sagan,Non-Fiction;Astronomy,English,1985,392,3.8,37.97,true,4,Random House,9789282912706,1985-01-01T00:00:00Z,space;solutions;popular-science,"A companion volume to Cosmos that revisits the original's themes from a fresh angle, with updated examples and exercises drawn from the solutions manual tradition."
book_0223,Outliers: Annotated Edition,Malcolm Gladwell,Non-Fiction;Psychology,English,2007,488,4.3,19.03,false,14,"Little, Brown",9781035653256,2007-01-01T00:00:00Z,sociology;annotated;success,"A companion volume to Outliers that revisits the original's themes from a fresh angle, with updated examples and exercises drawn from the annotated edition tradition."
book_0224,Silent Spring: Workbook,Rachel Carson,Non-Fiction;Environment,English,1962,412,4.6,33.45,true,54,Houghton Mifflin,9782584746147,1962-01-01T00:00:00Z,workbook;pesticides;classic;environment,"A companion volume to Silent Spring that revisits the original's themes from a fresh angle, with updated examples and exercises drawn from the workbook tradition."
book_0225,Educated: Workbook,Tara Westover,Biography;Memoir,English,2025,297,4.6,33.66,true,162,Random House,9780602692667,2025-01-01T00:00:00Z,education;memoir;workbook;family,"A companion volume to Educated that revisits the original's themes from a fresh angle, with updated examples and exercises drawn from the workbook tradition."
book_0226,Accelerate: Solutions Manual,Nicole Forsgren,DevOps;Research,English,2021,258,4.1,18.28,true,190,IT Revolution Press,9781980360650,2021-01-01T00:00:00Z,metrics;devops;solutions;research,"A companion volume to Accelerate that revisits the original's themes from a fresh angle, with updated examples and exercises drawn from the solutions manual tradition."
book_0227,The Diary of a Young Girl: Workbook,Anne Frank,Biography;History,Arabic,1955,402,4.5,20.86,false,125,Contact Publishing,9783186130976,1955-01-01T00:00:00Z,workbook;memoir;wwii;classic,"A companion volume to The Diary of a Young Girl that revisits the original's themes from a fresh angle, with updated examples and exercises drawn from the workbook tradition."
book_0228,"Compilers: Principles, Techniques, and Tools: Workbook",Alfred V. Aho,Compilers;Computer Science,Chinese,2010,1013,4.4,102.49,true,105,Pearson,9788601586116,2010-01-01T00:00:00Z,dragon;workbook;compilers;academic,"A companion volume to Compilers: Principles, Techniques, and Tools that revisits the original's themes from a fresh angle, with updated examples and exercises drawn from the workbook tradition."
book_0229,Beloved: Solutions Manual,Toni Morrison,Fiction;Historical,English,1987,274,3.6,18.6,true,26,Knopf,9784275853882,1987-01-01T00:00:00Z,pulitzer;history;solutions;memory,"A companion volume to Beloved that revisits the original's themes from a fresh angle, with updated examples and exercises drawn from the solutions manual tradition."
book_0230,Effective Java: Solutions Manual,Joshua Bloch,Programming;Java,English,2017,316,4.9,60.51,true,183,Addison-Wesley,9788024659398,2017-01-01T00:00:00Z,java;design;best-practices;solutions,"A companion volume to Effective Java that revisits the original's themes from a fresh angle, with updated examples and exercises drawn from the solutions manual tradition."
book_0231,The Selfish Gene: Solutions Manual,Richard Dawkins,Non-Fiction;Biology,English,1977,479,3.7,13.81,false,170,Oxford University Press,9780941151894,1977-01-01T00:00:00Z,solutions;evolution;biology,"A companion volume to The Selfish Gene that revisits the original's themes from a fresh angle, with updated examples and exercises drawn from the solutions manual tradition."
book_0232,Cloud Native Patterns: Workbook,Cornelia Davis,Cloud Computing;Architecture,English,2019,384,3.6,54.93,true,187,Manning,9783634186869,2019-01-01T00:00:00Z,cloud;workbook;12-factor;patterns,"A companion volume to Cloud Native Patterns that revisits the original's themes from a fresh angle, with updated examples and exercises drawn from the workbook tradition."
book_0233,You Don't Know JS Yet: Field Guide,Kyle Simpson,Programming;JavaScript,English,2026,268,4.3,48.84,false,137,Self-Published,9789430929587,2026-01-01T00:00:00Z,field;series;javascript;fundamentals,"A companion volume to You Don't Know JS Yet that revisits the original's themes from a fresh angle, with updated examples and exercises drawn from the field guide tradition."
book_0234,The Pragmatic Programmer: Annotated Edition,Andrew Hunt and David Thomas,Programming;Software Engineering,English,2003,508,4.0,54.3,false,179,Addison-Wesley,9782316140991,2003-01-01T00:00:00Z,best-practices;coding;career;annotated,"A companion volume to The Pragmatic Programmer that revisits the original's themes from a fresh angle, with updated examples and exercises drawn from the annotated edition tradition."
book_0235,Building Microservices: Field Guide,Sam Newman,Software Engineering;Architecture,English,2026,622,4.6,59.1,true,107,O'Reilly Media,9784570540654,2026-01-01T00:00:00Z,field;patterns;architecture;microservices,"A companion volume to Building Microservices that revisits the original's themes from a fresh angle, with updated examples and exercises drawn from the field guide tradition."
book_0236,The Phoenix Project: Solutions Manual,Gene Kim,DevOps;Fiction,English,2011,618,4.8,36.96,true,174,IT Revolution Press,9788604687896,2011-01-01T00:00:00Z,solutions;devops;lean;novel,"A companion volume to The Phoenix Project that revisits the original's themes from a fresh angle, with updated examples and exercises drawn from the solutions manual tradition."
book_0237,The Mythical Man-Month: Solutions Manual,Frederick P. Brooks Jr.,Software Engineering;Project Management,English,1999,342,3.8,50.47,true,38,Addison-Wesley,9787035994474,1999-01-01T00:00:00Z,history;solutions;project-management;essays,"A companion volume to The Mythical Man-Month that revisits the original's themes from a fresh angle, with updated examples and exercises drawn from the solutions manual tradition."
book_0238,The Wealth of Nations: Companion,Adam Smith,Non-Fiction;Economics,Spanish,1773,1241,4.2,34.79,false,194,W. Strahan,9784246710862,1773-01-01T00:00:00Z,economics;companion;philosophy;classic,"A companion volume to The Wealth of Nations that revisits the original's themes from a fresh angle, with updated examples and exercises drawn from the companion tradition."
book_0239,The Wealth of Nations: Solutions Manual,Adam Smith,Non-Fiction;Economics,English,1773,1292,3.6,26.95,true,183,W. Strahan,9785246941126,1773-01-01T00:00:00Z,economics;solutions;philosophy;classic,"A companion volume to The Wealth of Nations that revisits the original's themes from a fresh angle, with updated examples and exercises drawn from the solutions manual tradition."
book_0240,Designing Data-Intensive Applications: Workbook,Martin Kleppmann,Distributed Systems;Databases,English,2014,504,4.2,51.43,false,54,O'Reilly Media,9781952833786,2014-01-01T00:00:00Z,workbook;scalability;databases;architecture,"A companion volume to Designing Data-Intensive Applications that revisits the original's themes from a fresh angle, with updated examples and exercises drawn from the workbook tradition."
book_0241,Programming Pearls: Annotated Edition,Jon Bentley,Programming;Algorithms,German,1997,357,4.2,44.67,true,20,Addison-Wesley,9781879781849,1997-01-01T00:00:00Z,problem-solving;annotated;essays;classic,"A companion volume to Programming Pearls that revisits the original's themes from a fresh angle, with updated examples and exercises drawn from the annotated edition tradition."
book_0242,Cracking the Coding Interview: Companion,Gayle Laakmann McDowell,Algorithms;Career,English,2017,892,4.8,52.68,false,147,O'Reilly Media,9785527558463,2017-01-01T00:00:00Z,companion;algorithms;career;interview,"A companion volume to Cracking the Coding Interview that revisits the original's themes from a fresh angle, with updated examples and exercises drawn from the companion tradition."
book_0243,Code Complete: Solutions Manual,Steve McConnell,Programming;Software Engineering,English,2012,1102,4.3,40.89,true,117,Microsoft Press,9786147659646,2012-01-01T00:00:00Z,solutions;best-practices;construction,"A companion volume to Code Complete that revisits the original's themes from a fresh angle, with updated examples and exercises drawn from the solutions manual tradition."
book_0244,Capital in the Twenty-First Century: Field Guide,Thomas Piketty,Non-Fiction;Economics,French,2014,784,4.1,47.7,true,116,Belknap Press,9786700064375,2014-01-01T00:00:00Z,economics;inequality;field,"A companion volume to Capital in the Twenty-First Century that revisits the original's themes from a fresh angle, with updated examples and exercises drawn from the field guide tradition."
book_0245,Anna Karenina: Workbook,Leo Tolstoy,Fiction;Romance,Russian,1881,992,4.3,31.14,true,143,Vintage,9780771438066,1881-01-01T00:00:00Z,workbook;tragedy;classic;russian,"A companion volume to Anna Karenina that revisits the original's themes from a fresh angle, with updated examples and exercises drawn from the workbook tradition."
book_0246,The Lord of the Rings: Solutions Manual,J. R. R. Tolkien,Fiction;Fantasy,English,1952,1124,5.0,38.18,true,11,George Allen & Unwin,9782753958265,1952-01-01T00:00:00Z,solutions;fantasy;epic;middle-earth,"A companion volume to The Lord of the Rings that revisits the original's themes from a fresh angle, with updated examples and exercises drawn from the solutions manual tradition."
book_0247,The Lord of the Rings: Field Guide,J. R. R. Tolkien,Fiction;Fantasy,Chinese,1960,1066,4.6,40.96,true,103,George Allen & Unwin,9784043049035,1960-01-01T00:00:00Z,field;fantasy;epic;middle-earth,"A companion volume to The Lord of the Rings that revisits the original's themes from a fresh angle, with updated examples and exercises drawn from the field guide tradition."
book_0248,Elon Musk: Workbook,Walter Isaacson,Biography;Business,English,2022,637,3.5,38.89,true,28,Simon & Schuster,9788525000835,2022-01-01T00:00:00Z,workbook;biography;spacex;tech,"A companion volume to Elon Musk that revisits the original's themes from a fresh angle, with updated examples and exercises drawn from the workbook tradition."
book_0249,The Brothers Karamazov: Companion,Fyodor Dostoevsky,Fiction;Philosophy,Russian,1883,735,4.7,19.23,true,9,The Russian Messenger,9785936029523,1883-01-01T00:00:00Z,companion;philosophy;classic;russian,"A companion volume to The Brothers Karamazov that revisits the original's themes from a fresh angle, with updated examples and exercises drawn from the companion tradition."
book_0250,The Design of Everyday Things: Companion,Don Norman,UX Design;Psychology,Russian,2010,555,4.5,25.44,true,37,Basic Books,9789585204157,2010-01-01T00:00:00Z,cognition;design;affordance;companion,"A companion volume to The Design of Everyday Things that revisits the original's themes from a fresh angle, with updated examples and exercises drawn from the companion tradition."
